id,first_name,last_name,email,gender,height,weight,birthday,
125,Silas,Jupe,sjupe3g@amazon.co.uk,Male,198,47,02.03.02,11.98857259
87,Nananne,Ameer-Beg,nameerbeg2e@wordpress.org,Female,191,45,29.03.70,12.33518818
8,Hershel,Scolts,hscolts7@mail.ru,Male,197,48,10.12.42,12.36826509
140,Fifine,Garatty,fgaratty3v@examiner.com,Female,181,42,26.10.07,12.82012149
42,Leeland,Mahood,lmahood15@wiley.com,Male,180,44,28.07.25,13.58024691
120,Marlane,Fursland,mfursland3b@spiegel.de,Female,180,45,11.03.72,13.88888889
111,Raynard,McGaughay,rmcgaughay32@blogger.com,Male,185,48,10.07.84,14.02483565
126,Alaine,Measen,ameasen3h@com.com,Female,173,42,21.01.42,14.03321193
62,Justus,Langdale,jlangdale1p@stumbleupon.com,Male,196,54,26.09.45,14.05664307
112,Geoffrey,Maraga,gmaraga33@vistaprint.com,Male,184,48,05.03.58,14.17769376
36,Marmaduke,Gerner,mgernerz@mozilla.org,Male,170,41,24.01.03,14.18685121
93,Colas,Mallindine,cmallindine2k@fema.gov,Male,200,57,05.12.68,14.25
119,Daisie,Novacek,dnovacek3a@marketwatch.com,Female,169,41,30.09.60,14.35523966
124,Kenton,Feaver,kfeaver3f@fastcompany.com,Male,199,57,03.11.46,14.39357592
2,Melony,Durante,mdurante1@bloglovin.com,Female,187,51,21.06.55,14.58434614
115,Haslett,Cockayne,hcockayne36@deliciousdays.com,Male,197,57,12.01.98,14.6873148
72,Barbee,Turbayne,bturbayne1z@amazon.co.jp,Female,194,56,23.08.67,14.87937082
122,Janka,Sandhill,jsandhill3d@facebook.com,Female,171,44,04.03.74,15.047365
16,Aindrea,Longfield,alongfieldf@g.co,Female,163,40,17.12.65,15.05513945
103,Riannon,Tyrer,rtyrer2u@theatlantic.com,Female,183,51,01.02.88,15.22888113
82,Lawton,Oulet,loulet29@soup.io,Male,179,49,24.08.32,15.29290596
4,Serena,Nossent,snossent3@mapy.cz,Female,178,50,21.06.08,15.78083575
66,Moina,Vain,mvain1t@constantcontact.com,Female,189,57,16.07.83,15.95700008
138,Lotte,Ferminger,lferminger3t@mysql.com,Female,157,40,30.12.50,16.22783886
133,Iorgo,Jepp,ijepp3o@time.com,Male,200,65,02.02.38,16.25
164,Susan,Schofield,sschofield4j@hud.gov,Female,158,41,31.05.09,16.42365006
146,Rhianon,Ellcock,rellcock41@cpanel.net,Female,174,50,10.08.79,16.51473114
139,Fernandina,Cauthra,fcauthra3u@thetimes.co.uk,Female,182,55,09.03.70,16.60427485
65,Jaynell,Spiring,jspiring1s@europa.eu,Female,192,62,19.12.41,16.81857639
97,Katrine,Call,kcall2o@ft.com,Female,177,54,13.03.94,17.23642631
26,Quinn,Wilhelmy,qwilhelmyp@sfgate.com,Male,186,60,03.04.63,17.34304544
6,Silas,Wells,swells5@phpbb.com,Male,190,63,24.09.64,17.45152355
150,Pasquale,Jearum,pjearum45@deliciousdays.com,Male,173,53,11.08.06,17.70857697
69,Hermie,Dredge,hdredge1w@google.it,Male,155,43,04.08.33,17.89802289
13,Hardy,Preble,hpreblec@cnbc.com,Male,172,53,26.03.08,17.91508924
1,Edgardo,Ladbrook,eladbrook0@who.int,Male,152,42,08.01.58,18.17867036
95,Hoyt,Ferrini,hferrini2m@hc360.com,Male,169,53,08.04.75,18.55677322
39,Joan,McCreadie,jmccreadie12@indiegogo.com,Female,178,60,14.06.65,18.9370029
121,Marabel,Forgan,mforgan3c@fda.gov,Female,155,46,01.09.02,19.14672216
25,Waldemar,Keywood,wkeywoodo@nifty.com,Male,186,67,26.10.41,19.36640074
81,Padget,Iacopini,piacopini28@salon.com,Male,167,55,04.09.34,19.72103697
50,Joan,Mitcham,jmitcham1d@tripod.com,Female,173,60,01.08.33,20.04744562
165,Patrica,Binyon,pbinyon4k@xing.com,Female,182,67,29.07.72,20.22702572
68,Constantine,Poundford,cpoundford1v@netlog.com,Male,172,60,09.05.46,20.2812331
24,Brigida,Reid,breidn@51.la,Female,177,64,01.06.25,20.42835711
94,Elvera,Antonov,eantonov2l@bravesites.com,Female,177,64,23.08.76,20.42835711
156,Adolph,Fisher,afisher4b@bing.com,Male,197,80,19.11.98,20.61377516
60,Reynold,Dougal,rdougal1n@loc.gov,Male,176,64,27.09.65,20.66115702
169,Winnah,McKenney,wmckenney4o@goodreads.com,Female,182,69,14.12.62,20.83081753
48,Llywellyn,Dalliston,ldalliston1b@51.la,Male,195,81,26.07.08,21.30177515
131,Hayden,Anten,hanten3m@comsenz.com,Male,168,61,04.08.31,21.61281179
152,Fax,Caughte,fcaughte47@msu.edu,Male,178,70,22.03.41,22.09317005
168,Judi,Arthy,jarthy4n@wiley.com,Female,186,77,13.02.55,22.25690831
116,Urbano,Bertwistle,ubertwistle37@marketwatch.com,Male,172,66,02.11.23,22.30935641
55,Sonja,Loughman,sloughman1i@youtube.com,Female,190,81,29.12.82,22.43767313
23,Abrahan,Balassi,abalassim@hatena.ne.jp,Male,193,84,11.02.81,22.55094096
154,Hildegaard,Edmenson,hedmenson49@privacy.gov.au,Female,194,85,29.04.29,22.58475927
49,Reine,Husbands,rhusbands1c@samsung.com,Female,160,58,31.08.41,22.65625
35,Auria,Sommerville,asommervilley@scientificamerican.com,Female,197,90,28.02.96,23.19049705
144,Alick,Guiett,aguiett3z@alibaba.com,Male,171,68,04.07.91,23.25501864
110,Rafe,Hrycek,rhrycek31@infoseek.co.jp,Male,190,84,19.08.65,23.26869806
58,Alexio,Czapla,aczapla1l@tamu.edu,Male,173,70,12.01.95,23.38868656
153,Lief,Monckman,lmonckman48@java.com,Male,161,61,11.01.26,23.53304271
102,Gradey,Martill,gmartill2t@dell.com,Male,191,86,28.10.86,23.57391519
63,Abbey,Denmead,adenmead1q@cam.ac.uk,Female,183,79,22.02.86,23.58983547
100,Ira,O'Currane,iocurrane2r@flavors.me,Male,162,63,26.11.83,24.00548697
61,Burl,Castellet,bcastellet1o@uol.com.br,Male,167,67,29.09.48,24.02380867
11,Lotte,Abels,labelsa@disqus.com,Female,197,94,03.07.22,24.22118581
157,Uriel,Cullagh,ucullagh4c@bloomberg.com,Male,197,94,08.02.88,24.22118581
117,Imojean,Cristoforetti,icristoforetti38@php.net,Female,194,92,04.05.27,24.44468062
54,Sherie,Carnilian,scarnilian1h@google.co.uk,Female,166,68,27.11.33,24.67702134
143,Alex,Truran,atruran3y@paginegialle.it,Male,193,93,10.06.34,24.96711321
21,Yank,Penning,ypenningk@biglobe.ne.jp,Male,184,85,12.05.38,25.1063327
33,Chas,Kayzer,ckayzerw@nsw.gov.au,Male,196,97,26.01.69,25.24989588
105,Kalindi,Darlow,kdarlow2w@devhub.com,Female,181,83,13.08.67,25.33500198
28,Mill,Ockendon,mockendonr@meetup.com,Male,189,91,14.12.80,25.47521066
56,Aleksandr,Dowers,adowers1j@yellowbook.com,Male,186,89,29.04.79,25.7255174
40,Thorin,Liversidge,tliversidge13@nih.gov,Male,151,59,05.03.73,25.87605807
17,Elenore,Trengrove,etrengroveg@godaddy.com,Female,181,85,24.04.24,25.94548396
76,Augie,Eversfield,aeversfield23@virginia.edu,Male,183,87,20.01.30,25.97867957
27,Melessa,Otson,motsonq@goo.ne.jp,Female,195,99,08.06.43,26.03550296
67,Martynne,Meriott,mmeriott1u@yolasite.com,Female,177,82,03.06.28,26.17383255
104,Kermie,Hatliffe,khatliffe2v@issuu.com,Male,178,83,07.06.67,26.19618735
127,Rayna,O' Lone,rolone3i@barnesandnoble.com,Female,164,72,14.10.60,26.76977989
170,Garvey,Haliday,ghaliday4p@github.com,Male,176,84,26.02.10,27.1177686
3,Hort,Cisec,hcisec2@howstuffworks.com,Male,179,87,05.02.83,27.15271059
37,Nikkie,Biskup,nbiskup10@weebly.com,Female,182,90,02.04.73,27.17063157
71,Madelle,Buyers,mbuyers1y@naver.com,Female,200,109,10.08.47,27.25
155,Benedikt,Brosnan,bbrosnan4a@google.nl,Male,199,108,25.03.00,27.27203858
30,Cacilie,Stamps,cstampst@unicef.org,Female,169,78,28.12.01,27.30996814
79,Shaw,Franies,sfranies26@nifty.com,Male,162,72,27.08.30,27.43484225
101,Bruce,Niesing,bniesing2s@ftc.gov,Male,194,104,02.12.64,27.63311723
106,Andrey,Cavey,acavey2x@nih.gov,Male,192,102,18.09.07,27.66927083
88,Anderson,Norgate,anorgate2f@gmpg.org,Male,186,96,20.07.66,27.7488727
149,Norean,Cinnamond,ncinnamond44@google.fr,Female,182,92,02.08.76,27.77442338
20,Margery,Thorlby,mthorlbyj@bloglovin.com,Female,187,98,16.09.81,28.02482199
64,Worth,Ventam,wventam1r@linkedin.com,Male,182,93,02.08.53,28.07631929
107,Gunar,Manie,gmanie2y@behance.net,Male,153,66,04.02.35,28.19428425
14,Bert,Benedicte,bbenedicted@jimdo.com,Male,150,64,20.11.43,28.44444444
57,Barnett,deKnevet,bdeknevet1k@imageshack.us,Male,178,91,25.04.43,28.72112107
73,Adena,Dach,adach20@linkedin.com,Female,173,86,09.04.02,28.73467206
147,Bret,Fishly,bfishly42@acquirethisname.com,Male,165,79,16.08.58,29.0174472
91,Falkner,Bottomer,fbottomer2i@fc2.com,Male,178,92,22.04.23,29.03673779
31,Delinda,Snookes,dsnookesu@github.com,Female,176,90,06.02.80,29.05475207
80,Leonardo,Caswall,lcaswall27@tamu.edu,Male,170,84,01.09.99,29.06574394
108,Victoria,Rablen,vrablen2z@merriam-webster.com,Female,180,95,27.07.25,29.32098765
137,Keefer,MacTrustam,kmactrustam3s@mysql.com,Male,182,98,19.04.93,29.58579882
162,Duane,Klejna,dklejna4h@csmonitor.com,Male,191,108,04.01.79,29.60445163
78,Wenona,Collar,wcollar25@mediafire.com,Female,176,92,12.03.87,29.70041322
53,Mora,Manthroppe,mmanthroppe1g@typepad.com,Female,174,90,03.11.23,29.72651605
86,Hynda,Eva,heva2d@goodreads.com,Female,164,80,06.06.99,29.74419988
160,Andie,Issac,aissac4f@noaa.gov,Male,167,87,18.11.93,31.19509484
7,Dorey,Faulo,dfaulo6@networksolutions.com,Female,176,97,18.07.52,31.31456612
83,Dominique,Terbrug,dterbrug2a@eepurl.com,Male,195,120,26.01.07,31.5581854
90,Philly,McGeffen,pmcgeffen2h@un.org,Female,187,111,27.07.99,31.74240041
51,Noland,Odlin,nodlin1e@who.int,Male,181,104,24.09.29,31.74506273
113,Val,Hazeldine,vhazeldine34@alibaba.com,Male,166,88,27.10.95,31.93496879
114,Marlowe,Redhole,mredhole35@tinyurl.com,Male,176,99,06.06.72,31.96022727
43,Ambrose,Bolgar,abolgar16@craigslist.org,Male,150,72,27.04.88,32
135,Arlina,Witheford,awitheford3q@imdb.com,Female,154,77,06.08.61,32.46753247
148,Belicia,Bartod,bbartod43@netvibes.com,Female,177,102,19.07.51,32.55769415
118,Bart,Mattisssen,bmattisssen39@netlog.com,Male,163,87,02.08.76,32.7449283
134,Saunders,Coetzee,scoetzee3p@disqus.com,Male,173,99,11.10.84,33.07828528
128,Crosby,Ounsworth,counsworth3j@mysql.com,Male,158,83,08.11.02,33.24787694
132,Sadie,Dines,sdines3n@g.co,Female,169,96,15.07.70,33.61226848
46,Niels,Alleyne,nalleyne19@bloglines.com,Male,151,77,04.08.03,33.77044866
85,Freddie,Phelipeaux,fphelipeaux2c@tmall.com,Female,167,95,10.07.25,34.06360931
70,Cherilynn,Stoile,cstoile1x@mozilla.org,Female,180,111,13.01.77,34.25925926
5,Elvera,Cloney,ecloney4@census.gov,Female,164,93,05.09.61,34.57763236
44,Mitchael,Eilles,meilles17@theatlantic.com,Male,150,78,22.02.87,34.66666667
158,Marty,Paike,mpaike4d@loc.gov,Male,155,84,14.03.43,34.9635796
161,Eberhard,Dowty,edowty4g@bravesites.com,Male,173,105,25.08.98,35.08302984
123,Abbi,Du Plantier,aduplantier3e@webs.com,Female,169,101,15.10.32,35.36290746
34,Ty,Bonin,tboninx@adobe.com,Male,158,89,21.03.40,35.65133793
18,Eleanor,Kabsch,ekabschh@blinklist.com,Female,166,99,29.09.53,35.92683989
52,Lauree,Sherwill,lsherwill1f@economist.com,Female,172,107,01.01.56,36.16819903
130,Flemming,Carverhill,fcarverhill3l@google.pl,Male,182,120,09.05.09,36.22750875
9,Maximo,Alejo,malejo8@gravatar.com,Male,154,86,11.08.54,36.26243886
92,Aube,Smallpeice,asmallpeice2j@businessinsider.com,Male,161,94,21.06.05,36.26403302
96,Julienne,Patient,jpatient2n@bloglovin.com,Female,166,100,29.05.80,36.28973726
89,Briny,Lount,blount2g@sun.com,Female,156,89,02.09.97,36.57133465
41,Sam,Le Gallo,slegallo14@delicious.com,Male,180,119,13.10.50,36.72839506
142,Maisey,Fechnie,mfechnie3x@etsy.com,Female,166,105,02.07.03,38.10422413
151,Codi,Dorwood,cdorwood46@usnews.com,Male,174,117,04.12.30,38.64447087
38,Collie,Trimme,ctrimme11@shop-pro.jp,Female,150,87,04.06.26,38.66666667
109,Wendell,Gritten,wgritten30@businessweek.com,Male,161,101,15.02.83,38.96454612
98,Ryley,Boden,rboden2p@ocn.ne.jp,Male,160,100,29.07.41,39.0625
145,Lewie,Heel,lheel40@mail.ru,Male,174,120,28.09.29,39.63535474
99,Winny,Pavlitschek,wpavlitschek2q@ucla.edu,Female,154,95,02.12.33,40.05734525
136,Monti,Rosenstengel,mrosenstengel3r@mapquest.com,Male,155,98,16.08.84,40.79084287
166,Milka,Sidworth,msidworth4l@bigcartel.com,Female,154,97,19.11.47,40.90065778
29,Hillel,Wreiford,hwreifords@hao123.com,Male,171,120,22.09.59,41.03826819
75,Amerigo,Grindle,agrindle22@oakley.com,Male,166,114,06.02.43,41.37030048
74,Kerri,Ebbitt,kebbitt21@irs.gov,Female,168,117,21.09.05,41.45408163
22,Leicester,Andrei,landreil@alexa.com,Male,156,101,26.04.38,41.50230112
141,Harlan,Yves,hyves3w@statcounter.com,Male,154,99,18.03.64,41.74397032
47,Perri,Anselmi,panselmi1a@g.co,Female,151,97,23.07.73,42.54199377
159,Didi,Gibben,dgibben4e@php.net,Female,158,107,08.06.79,42.86172088
163,Worth,Adamowicz,wadamowicz4i@netvibes.com,Male,151,102,08.08.58,44.73488005
84,Merrill,Bezemer,mbezemer2b@storify.com,Male,154,107,10.09.45,45.11722044
32,Marilyn,Lumbley,mlumbleyv@businesswire.com,Female,150,106,02.02.39,47.11111111
10,Curcio,Heads,cheads9@imdb.com,Male,151,108,04.08.74,47.36634358
77,Rip,Walliker,rwalliker24@google.es,Male,151,111,29.07.81,48.68207535
45,Horace,Addionizio,haddionizio18@twitter.com,Male,156,119,14.11.31,48.89875082
129,Zebulon,Bowdery,zbowdery3k@nsw.gov.au,Male,153,116,16.03.43,49.5535905
15,Parsifal,Selwyn,pselwyne@vimeo.com,Male,151,115,04.04.99,50.43638437
19,Malva,Dreschler,mdreschleri@hc360.com,Female,150,114,17.11.71,50.66666667
12,Flss,Winston,fwinstonb@canalblog.com,Female,150,115,27.06.66,51.11111111
167,Aidan,Arnold,aarnold4m@yahoo.co.jp,Female,152,120,07.01.76,51.93905817
59,Anet,Brookz,abrookz1m@deviantart.com,Female,151,120,07.12.83,52.62927065
171,Dicky,Douce,ddouce4q@geocities.com,Male,195,119,17.09.06,
172,Mathilde,Wynrehame,mwynrehame4r@eepurl.com,Female,195,55,12.05.21,
173,Myrta,Oxherd,moxherd4s@timesonline.co.uk,Female,167,66,02.11.97,
174,Jerry,Plumbridge,jplumbridge4t@miibeian.gov.cn,Male,163,80,16.11.64,
175,Rollin,Brunning,rbrunning4u@fda.gov,Male,173,91,04.01.86,
176,Verna,Forsbey,vforsbey4v@vkontakte.ru,Female,174,102,11.03.52,
177,Karen,O'Scanlon,koscanlon4w@discovery.com,Female,181,96,13.11.68,
178,Agretha,Morehall,amorehall4x@bloglovin.com,Female,164,112,16.03.77,
179,Wernher,Rignold,wrignold4y@ycombinator.com,Male,190,71,02.01.95,
180,Tito,Parminter,tparminter4z@google.nl,Male,184,90,19.09.82,
181,Bale,Tremathick,btremathick50@ucsd.edu,Male,159,94,19.03.25,
182,Dukie,Borley,dborley51@cbc.ca,Male,163,100,29.07.41,
183,Costa,McDermott,cmcdermott52@joomla.org,Male,162,91,13.02.10,
184,Marylee,Syder,msyder53@economist.com,Female,180,76,27.08.72,
185,Toddie,Zorn,tzorn54@instagram.com,Male,176,43,15.02.38,
186,Burton,Cardno,bcardno55@trellian.com,Male,161,70,03.03.73,
187,Queenie,Cauldfield,qcauldfield56@networksolutions.com,Female,152,45,22.10.47,
188,Kathie,Di Lucia,kdilucia57@nbcnews.com,Female,194,43,21.08.69,
189,Wanda,Gilberthorpe,wgilberthorpe58@mozilla.com,Female,199,83,08.11.78,
190,Whitney,McKimm,wmckimm59@amazon.co.jp,Male,180,95,02.12.41,
191,Errol,Demeza,edemeza5a@slashdot.org,Male,158,101,15.04.25,
192,Carlen,Gentiry,cgentiry5b@homestead.com,Female,175,55,07.03.83,
193,Jacquelynn,Tomson,jtomson5c@seattletimes.com,Female,156,117,12.07.65,
194,Winne,Oldacres,woldacres5d@edublogs.org,Female,173,97,18.12.81,
195,Homere,Shillaker,hshillaker5e@go.com,Male,177,61,08.07.39,
196,Donnie,Muirden,dmuirden5f@timesonline.co.uk,Male,150,88,17.03.52,
197,Con,McPake,cmcpake5g@mapquest.com,Male,173,100,23.11.42,
198,Currey,Maggiori,cmaggiori5h@ehow.com,Male,157,104,12.04.67,
199,Martita,Prangnell,mprangnell5i@un.org,Female,174,86,23.12.93,
200,Roland,Eldin,reldin5j@nsw.gov.au,Male,196,61,10.03.09,
201,Sheila,Martygin,smartygin5k@google.de,Female,158,74,15.04.61,
202,Mirna,Ferrini,mferrini5l@purevolume.com,Female,155,74,25.12.81,
203,Eve,Cassella,ecassella5m@guardian.co.uk,Female,176,93,18.05.06,
204,Charil,Mottini,cmottini5n@thetimes.co.uk,Female,182,93,23.08.95,
205,Nissy,Jellico,njellico5o@deviantart.com,Female,187,73,17.12.46,
206,Averell,Impey,aimpey5p@biblegateway.com,Male,172,103,28.03.91,
207,Karly,Wilmore,kwilmore5q@nymag.com,Female,180,43,03.09.42,
208,Kennett,McClifferty,kmcclifferty5r@comcast.net,Male,193,88,23.07.72,
209,Matthus,Crassweller,mcrassweller5s@gmpg.org,Male,165,44,13.12.94,
210,Oby,Collocott,ocollocott5t@adobe.com,Male,169,109,03.07.98,
211,Vail,Tribble,vtribble5u@apache.org,Male,190,107,01.01.81,
212,Fletcher,Koppelmann,fkoppelmann5v@smugmug.com,Male,181,88,01.09.88,
213,Mirelle,Van der Brugge,mvanderbrugge5w@theatlantic.com,Female,178,98,03.11.39,
214,Gerry,Bathersby,gbathersby5x@house.gov,Female,159,80,12.11.35,
215,Lurlene,Cheyne,lcheyne5y@addthis.com,Female,185,98,22.11.70,
216,Giraud,Speachley,gspeachley5z@marriott.com,Male,170,65,01.03.54,
217,Troy,Idwal Evans,tidwalevans60@is.gd,Male,168,48,17.09.74,
218,Horatio,Gauche,hgauche61@google.ru,Male,152,99,10.03.49,
219,Cheslie,Squires,csquires62@dion.ne.jp,Female,159,66,19.01.77,
220,Dugald,Cosker,dcosker63@baidu.com,Male,175,77,25.07.39,
221,Ibbie,Commusso,icommusso64@nih.gov,Female,161,97,24.04.59,
222,Hakeem,Gask,hgask65@paypal.com,Male,200,48,18.05.92,
223,Anna-diane,Hinchshaw,ahinchshaw66@icio.us,Female,176,99,07.03.38,
224,Orella,Pietri,opietri67@geocities.com,Female,169,71,10.08.08,
225,Demeter,Legier,dlegier68@wix.com,Female,173,88,12.08.71,
226,Engelbert,Heaysman,eheaysman69@businessweek.com,Male,184,65,31.12.93,
227,Kirsti,Zelley,kzelley6a@infoseek.co.jp,Female,176,118,09.12.84,
228,Leese,Lifton,llifton6b@upenn.edu,Female,153,65,01.11.83,
229,Hadlee,Hawkswood,hhawkswood6c@whitehouse.gov,Male,175,107,14.08.71,
230,Moss,Brastead,mbrastead6d@springer.com,Male,191,110,15.04.64,
231,Henrieta,Dawe,hdawe6e@reuters.com,Female,191,66,22.12.51,
232,Aurthur,Wormleighton,awormleighton6f@java.com,Male,176,91,22.05.25,
233,Morgen,Fellos,mfellos6g@nbcnews.com,Male,198,75,15.09.53,
234,Leia,Wanklyn,lwanklyn6h@blogtalkradio.com,Female,170,41,10.01.35,
235,Park,Raven,praven6i@1und1.de,Male,179,102,02.07.34,
236,Ugo,Chedgey,uchedgey6j@usatoday.com,Male,156,79,25.05.50,
237,Hervey,Klas,hklas6k@yandex.ru,Male,173,113,30.01.82,
238,Athene,Peye,apeye6l@purevolume.com,Female,197,98,19.08.78,
239,Minette,Limpenny,mlimpenny6m@bing.com,Female,156,44,19.02.65,
240,Cherin,Blaisdell,cblaisdell6n@list-manage.com,Female,171,106,23.12.94,
241,Cosmo,Depport,cdepport6o@wikispaces.com,Male,159,52,31.01.09,
242,Davin,Allbut,dallbut6p@domainmarket.com,Male,187,112,07.04.42,
243,Iago,Barwise,ibarwise6q@squidoo.com,Male,183,107,04.10.80,
244,Filia,Youson,fyouson6r@msu.edu,Female,154,42,16.11.73,
245,Shalom,Glentworth,sglentworth6s@weibo.com,Male,159,71,21.06.91,
246,Karola,Connock,kconnock6t@ibm.com,Female,160,85,08.08.57,
247,Harley,Gavahan,hgavahan6u@wikimedia.org,Male,200,55,01.09.76,
248,Klemens,Follitt,kfollitt6v@umn.edu,Male,186,112,27.08.30,
249,Delano,Rosi,drosi6w@myspace.com,Male,195,40,02.10.37,
250,Starla,Willoughby,swilloughby6x@unicef.org,Female,178,102,11.04.03,
251,Elvis,Albrook,ealbrook6y@vkontakte.ru,Male,176,77,04.10.45,
252,Wyatan,Ramstead,wramstead6z@behance.net,Male,199,98,01.07.45,
253,Adolpho,Dunphy,adunphy70@gnu.org,Male,154,117,13.05.72,
254,Dael,Ketteridge,dketteridge71@chicagotribune.com,Male,167,76,12.06.90,
255,Malissa,Ayree,mayree72@reverbnation.com,Female,150,88,01.04.92,
256,Nefen,Filipponi,nfilipponi73@artisteer.com,Male,163,84,05.02.48,
257,Pepito,Willden,pwillden74@webs.com,Male,152,83,18.10.35,
258,Haleigh,Shallo,hshallo75@ted.com,Male,192,112,23.12.89,
259,Teddy,Raspin,traspin76@state.gov,Male,185,58,15.02.26,
260,Nikolaos,Pymm,npymm77@dyndns.org,Male,179,69,23.03.47,
261,Bellina,McConaghy,bmcconaghy78@reuters.com,Female,188,103,07.11.77,
262,Gerhardine,Timbridge,gtimbridge79@umich.edu,Female,193,94,15.11.24,
263,Annmaria,Ware,aware7a@theglobeandmail.com,Female,173,56,27.05.71,
264,Meggi,Kitlee,mkitlee7b@hatena.ne.jp,Female,154,70,27.06.54,
265,Eustacia,Rayhill,erayhill7c@typepad.com,Female,171,118,21.06.82,
266,Corissa,Cluet,ccluet7d@ted.com,Female,192,80,27.11.33,
267,Solomon,Lavigne,slavigne7e@com.com,Male,183,40,15.02.75,
268,Lionel,Labbet,llabbet7f@livejournal.com,Male,180,100,26.07.94,
269,Cameron,McIvor,cmcivor7g@reference.com,Male,178,76,20.01.98,
270,Lothario,Berresford,lberresford7h@jigsy.com,Male,171,95,16.02.71,
271,Otho,Warwicker,owarwicker7i@earthlink.net,Male,160,74,26.08.78,
272,Evonne,Monnoyer,emonnoyer7j@usa.gov,Female,170,105,07.09.41,
273,Keary,Brimilcombe,kbrimilcombe7k@usnews.com,Male,182,74,16.12.54,
274,Madelyn,Agronski,magronski7l@1und1.de,Female,156,50,20.03.30,
275,Gradeigh,Bremond,gbremond7m@qq.com,Male,168,75,27.10.41,
276,Emmerich,Dymond,edymond7n@japanpost.jp,Male,195,88,13.04.69,
277,Pincas,Regan,pregan7o@dell.com,Male,169,105,14.04.92,
278,Conny,Affuso,caffuso7p@paginegialle.it,Female,183,114,31.07.97,
279,Shawn,Reid,sreid7q@sourceforge.net,Male,168,64,15.05.32,
280,Lou,Crocetti,lcrocetti7r@odnoklassniki.ru,Female,193,41,09.10.03,
281,Art,Stollsteimer,astollsteimer7s@tumblr.com,Male,196,90,17.12.55,
282,Buck,Bern,bbern7t@phoca.cz,Male,154,103,09.10.89,
283,Noreen,Smails,nsmails7u@fotki.com,Female,156,108,21.12.30,
284,Leopold,Wilkison,lwilkison7v@aboutads.info,Male,151,50,22.08.70,
285,Jerald,Growden,jgrowden7w@spiegel.de,Male,196,47,13.12.06,
286,Faun,Dallewater,fdallewater7x@w3.org,Female,166,78,02.11.33,
287,Dara,Oleshunin,doleshunin7y@archive.org,Female,190,62,15.09.92,
288,Wilone,Hexam,whexam7z@discuz.net,Female,190,54,26.11.00,
289,Zarla,Alstead,zalstead80@nps.gov,Female,157,95,23.06.27,
290,Jared,Lerner,jlerner81@geocities.com,Male,163,80,29.03.91,
291,Tibold,Krochmann,tkrochmann82@state.tx.us,Male,177,113,26.02.58,
292,Marlyn,Daventry,mdaventry83@census.gov,Female,183,111,02.12.60,
293,Leta,Leader,lleader84@vistaprint.com,Female,199,113,03.09.77,
294,Nealson,Lafee,nlafee85@odnoklassniki.ru,Male,175,65,06.04.06,
295,Demott,Jesson,djesson86@deviantart.com,Male,156,118,01.03.59,
296,Maurene,Rouff,mrouff87@sfgate.com,Female,179,104,28.09.45,
297,Loy,Wilse,lwilse88@e-recht24.de,Male,166,112,16.05.46,
298,Breena,Alu,balu89@theglobeandmail.com,Female,156,104,07.08.44,
299,Lyon,Androsik,landrosik8a@dyndns.org,Male,167,67,17.08.68,
300,Emmit,Youhill,eyouhill8b@noaa.gov,Male,183,64,04.03.48,
301,Perren,Calbaithe,pcalbaithe8c@issuu.com,Male,156,57,06.10.27,
302,Tedd,Fuke,tfuke8d@oracle.com,Male,187,68,16.12.20,
303,Tommy,Andrei,tandrei8e@last.fm,Female,163,81,11.01.59,
304,Penni,Gaythor,pgaythor8f@arizona.edu,Female,150,58,07.05.41,
305,Donnajean,Meiklejohn,dmeiklejohn8g@cisco.com,Female,169,40,23.10.97,
306,Ilyssa,Obal,iobal8h@jigsy.com,Female,150,112,02.05.52,
307,Grace,Weedon,gweedon8i@homestead.com,Male,164,81,19.02.04,
308,Neilla,Patnelli,npatnelli8j@time.com,Female,159,92,15.03.52,
309,Lexie,Hawse,lhawse8k@behance.net,Female,171,90,24.12.88,
310,Rosamund,Spinage,rspinage8l@ted.com,Female,198,75,05.05.77,
311,Wandie,Matschke,wmatschke8m@zimbio.com,Female,161,110,26.01.80,
312,Merell,Muneely,mmuneely8n@soundcloud.com,Male,164,119,08.07.59,
313,Anne,Jankiewicz,ajankiewicz8o@technorati.com,Female,172,103,05.02.08,
314,Arabele,Striker,astriker8p@umich.edu,Female,161,79,24.05.41,
315,Mahmoud,Langdon,mlangdon8q@gravatar.com,Male,183,51,20.11.66,
316,Phil,Chapple,pchapple8r@ft.com,Male,158,71,23.08.39,
317,Phillipp,MacKnockiter,pmacknockiter8s@drupal.org,Male,190,62,10.06.60,
318,Donica,Kolis,dkolis8t@wix.com,Female,165,78,09.08.43,
319,Maurene,Shurville,mshurville8u@jugem.jp,Female,187,97,28.05.02,
320,Dedra,McTaggart,dmctaggart8v@zimbio.com,Female,181,67,24.12.36,
321,Kathrine,Turnpenny,kturnpenny8w@jigsy.com,Female,189,60,23.02.47,
322,Cammi,Pagelsen,cpagelsen8x@unblog.fr,Female,187,98,11.02.41,
323,Lily,Bubb,lbubb8y@google.pl,Female,171,49,20.03.66,
324,Lulita,Hoxey,lhoxey8z@google.de,Female,197,69,25.02.72,
325,Davis,Benazet,dbenazet90@bluehost.com,Male,150,53,26.02.58,
326,Rhodia,Godbolt,rgodbolt91@uiuc.edu,Female,165,88,01.05.30,
327,Archibold,MacMarcuis,amacmarcuis92@geocities.com,Male,166,79,16.07.09,
328,Elia,Hulle,ehulle93@army.mil,Male,180,114,08.03.57,
329,Shellie,Labro,slabro94@blogtalkradio.com,Female,177,56,01.01.23,
330,Vinny,Bushel,vbushel95@illinois.edu,Male,185,95,28.11.07,
331,Dewitt,Coleyshaw,dcoleyshaw96@home.pl,Male,178,78,15.09.34,
332,Dell,Ruppelin,druppelin97@last.fm,Male,188,96,18.02.27,
333,Dore,Petry,dpetry98@webs.com,Male,184,51,02.10.90,
334,Kellsie,Kemm,kkemm99@networksolutions.com,Female,194,90,23.06.05,
335,Ibrahim,Gilbeart,igilbeart9a@theglobeandmail.com,Male,178,88,09.09.80,
336,Rawley,Beggan,rbeggan9b@reddit.com,Male,157,78,07.11.49,
337,Grete,Whitmarsh,gwhitmarsh9c@seesaa.net,Female,156,93,20.05.44,
338,Papagena,Lisciandro,plisciandro9d@imdb.com,Female,178,68,10.01.50,
339,Maxine,Waddam,mwaddam9e@over-blog.com,Female,174,41,06.08.47,
340,Norina,Laux,nlaux9f@qq.com,Female,181,78,18.07.02,
341,Susannah,Cottis,scottis9g@parallels.com,Female,174,105,05.05.39,
342,Ingram,Cuppleditch,icuppleditch9h@examiner.com,Male,190,112,23.02.45,
343,Sharai,Batchelar,sbatchelar9i@yolasite.com,Female,199,110,20.02.07,
344,Lewes,Jaskiewicz,ljaskiewicz9j@nyu.edu,Male,181,46,27.10.83,
345,Torrance,Brockhurst,tbrockhurst9k@imgur.com,Male,188,65,04.05.43,
346,Claudelle,Pecey,cpecey9l@salon.com,Female,160,50,29.04.26,
347,Enrichetta,Causbey,ecausbey9m@nsw.gov.au,Female,187,56,15.04.60,
348,Che,Martini,cmartini9n@liveinternet.ru,Male,183,107,20.12.53,
349,Theresina,Haglinton,thaglinton9o@google.co.jp,Female,190,67,04.06.52,
350,Thorin,Roark,troark9p@pen.io,Male,174,55,29.06.75,
351,Abelard,Halksworth,ahalksworth9q@usda.gov,Male,197,40,12.10.26,
352,Lyda,Danels,ldanels9r@yale.edu,Female,159,99,24.11.55,
353,Danita,Shervil,dshervil9s@parallels.com,Female,161,57,03.07.82,
354,Reggis,Ghioni,rghioni9t@japanpost.jp,Male,171,106,24.10.70,
355,Lorianna,Iacovucci,liacovucci9u@webs.com,Female,152,77,22.10.99,
356,Daven,Vosper,dvosper9v@cornell.edu,Male,154,64,21.01.71,
357,Jemmy,Cutriss,jcutriss9w@state.gov,Female,185,65,24.09.01,
358,Tyrone,Jurisic,tjurisic9x@howstuffworks.com,Male,154,65,02.01.07,
359,Bradly,Asp,basp9y@sitemeter.com,Male,170,104,20.06.41,
360,Katti,Brockie,kbrockie9z@vkontakte.ru,Female,191,79,22.12.05,
361,Flori,Matteucci,fmatteuccia0@si.edu,Female,172,65,01.11.27,
362,Gilberte,Schelle,gschellea1@sogou.com,Female,174,69,26.10.29,
363,Reinhold,Varfolomeev,rvarfolomeeva2@123-reg.co.uk,Male,193,47,13.01.74,
364,Cherri,Bentzen,cbentzena3@biblegateway.com,Female,182,45,21.07.46,
365,Brand,Wardrop,bwardropa4@google.nl,Male,150,66,19.11.96,
366,Selene,Merryweather,smerryweathera5@gmpg.org,Female,187,91,07.07.41,
367,Bernelle,Witherington,bwitheringtona6@merriam-webster.com,Female,183,84,26.02.02,
368,Antonella,Mease,ameasea7@over-blog.com,Female,187,72,19.03.57,
369,Jenni,Jados,jjadosa8@nasa.gov,Female,184,44,12.05.92,
370,Emery,Bradneck,ebradnecka9@nytimes.com,Male,162,51,29.04.64,
371,Delinda,Routhorn,drouthornaa@blogspot.com,Female,187,110,14.01.49,
372,Gran,Damp,gdampab@cornell.edu,Male,174,52,27.04.21,
373,Didi,Reese,dreeseac@dmoz.org,Female,159,41,27.11.69,
374,Winny,Sinclaire,wsinclairead@scientificamerican.com,Male,157,74,20.02.82,
375,Rosanna,Maneylaws,rmaneylawsae@webs.com,Female,197,42,01.11.63,
376,Adrianne,Kington,akingtonaf@discuz.net,Female,172,118,27.04.37,
377,Kincaid,Sumnall,ksumnallag@google.ca,Male,183,68,11.07.96,
378,Travus,Webling,tweblingah@xrea.com,Male,200,83,22.06.62,
379,Cchaddie,Bunyard,cbunyardai@comsenz.com,Male,161,45,09.04.82,
380,Ransom,Westrope,rwestropeaj@jimdo.com,Male,179,85,29.04.84,
381,Giles,Castello,gcastelloak@answers.com,Male,195,43,05.06.53,
382,Nikolaus,Lorenzetti,nlorenzettial@senate.gov,Male,187,63,27.06.42,
383,Elsbeth,Chisnall,echisnallam@list-manage.com,Female,194,59,25.02.25,
384,Barbe,Leat,bleatan@issuu.com,Female,167,79,04.10.93,
385,Bear,Cowser,bcowserao@wunderground.com,Male,198,103,30.05.31,
386,Ham,Goodband,hgoodbandap@ebay.co.uk,Male,175,120,19.08.01,
387,Hewe,Kunneke,hkunnekeaq@house.gov,Male,153,107,06.06.39,
388,Norman,Coull,ncoullar@umich.edu,Male,185,112,26.02.32,
389,Timothy,Eykel,teykelas@about.com,Male,166,84,29.12.05,
390,Regan,Leetham,rleethamat@hostgator.com,Male,184,62,03.01.33,
391,Spenser,MacNelly,smacnellyau@admin.ch,Male,190,62,25.01.99,
392,Tabbitha,Rae,traeav@themeforest.net,Female,160,113,14.11.74,
393,Rafaellle,Dregan,rdreganaw@elegantthemes.com,Male,161,47,10.08.92,
394,Margot,Kynson,mkynsonax@psu.edu,Female,174,82,01.09.88,
395,Aksel,Rumble,arumbleay@themeforest.net,Male,200,57,13.04.25,
396,Stan,Sorro,ssorroaz@dell.com,Male,179,53,02.02.45,
397,Mart,McGooch,mmcgoochb0@mapquest.com,Male,190,91,16.08.60,
398,Godart,Welband,gwelbandb1@ning.com,Male,198,88,23.10.46,
399,Deloris,Colling,dcollingb2@tinypic.com,Female,199,40,08.02.70,
400,Ham,Larkin,hlarkinb3@github.com,Male,173,101,07.10.73,
401,Heather,Keneleyside,hkeneleysideb4@weibo.com,Female,196,64,08.08.52,
402,Wernher,Keri,wkerib5@free.fr,Male,154,58,18.02.93,
403,Ervin,Conahy,econahyb6@123-reg.co.uk,Male,183,99,17.11.41,
404,Dido,Baudoux,dbaudouxb7@reverbnation.com,Female,155,47,06.12.54,
405,Bibbye,Midden,bmiddenb8@thetimes.co.uk,Female,176,54,08.05.69,
406,Bondon,Heeney,bheeneyb9@mozilla.com,Male,186,100,11.06.50,
407,Constance,Aronin,caroninba@last.fm,Female,153,93,02.11.97,
408,Jude,Purton,jpurtonbb@newyorker.com,Male,151,60,05.12.68,
409,Perrine,Gaul,pgaulbc@g.co,Female,171,40,26.01.61,
410,Basil,Redshaw,bredshawbd@photobucket.com,Male,157,87,27.12.03,
411,Tyson,Vallis,tvallisbe@sohu.com,Male,168,95,31.01.40,
412,Ora,Lafee,olafeebf@amazonaws.com,Female,175,73,03.02.98,
413,Barbabas,Jamot,bjamotbg@foxnews.com,Male,176,85,28.08.36,
414,Ethan,Kinson,ekinsonbh@friendfeed.com,Male,177,94,18.11.04,
415,Tailor,Etchingham,tetchinghambi@elpais.com,Male,155,114,15.06.65,
416,Orion,Alexandre,oalexandrebj@hatena.ne.jp,Male,188,47,17.08.32,
417,Mercie,Kieff,mkieffbk@salon.com,Female,179,51,04.11.53,
418,Alejandra,Kidby,akidbybl@tinypic.com,Female,158,56,08.01.59,
419,Siana,Charlton,scharltonbm@deliciousdays.com,Female,153,81,26.06.59,
420,Lira,McGrane,lmcgranebn@walmart.com,Female,180,100,08.12.63,
421,Cliff,Lante,clantebo@imgur.com,Male,194,109,05.07.06,
422,Barry,Washbrook,bwashbrookbp@furl.net,Male,190,48,14.03.06,
423,Cosmo,Fincke,cfinckebq@360.cn,Male,152,44,30.08.25,
424,Gretna,Di Biagi,gdibiagibr@ask.com,Female,159,65,16.09.47,
425,Trevor,Isaak,tisaakbs@list-manage.com,Male,154,46,14.07.30,
426,Mariquilla,Raleston,mralestonbt@aboutads.info,Female,176,120,03.09.33,
427,Titos,Constance,tconstancebu@loc.gov,Male,200,76,20.04.72,
428,Manny,Mallard,mmallardbv@elpais.com,Male,155,42,15.01.50,
429,Jerrine,Tomaszek,jtomaszekbw@myspace.com,Female,190,64,30.08.89,
430,Helena,Dignum,hdignumbx@spiegel.de,Female,187,104,14.09.05,
431,Barby,Marzello,bmarzelloby@i2i.jp,Female,183,51,12.03.01,
432,Dione,Sheaf,dsheafbz@google.co.uk,Female,174,93,22.01.54,
433,Brandi,Tuerena,btuerenac0@guardian.co.uk,Female,185,45,04.10.28,
434,Philip,Perle,pperlec1@statcounter.com,Male,186,107,07.09.70,
435,Griffy,Kett,gkettc2@independent.co.uk,Male,181,69,21.11.85,
436,Luise,Suddell,lsuddellc3@loc.gov,Female,179,71,13.09.52,
437,Odille,Siseland,osiselandc4@cnn.com,Female,188,112,09.05.89,
438,Laurice,Worlock,lworlockc5@sohu.com,Female,186,104,12.09.07,
439,Harry,Joselevitz,hjoselevitzc6@networksolutions.com,Male,153,82,21.04.95,
440,Woodie,Barlee,wbarleec7@w3.org,Male,168,65,01.09.80,
441,Emlynn,Tinklin,etinklinc8@facebook.com,Female,167,86,23.05.43,
442,Giovanna,Wimbush,gwimbushc9@furl.net,Female,177,42,12.11.45,
443,Philippa,Hause,phauseca@cisco.com,Female,159,67,23.05.46,
444,Desdemona,Loader,dloadercb@qq.com,Female,163,53,22.07.08,
445,Clemens,Leroux,clerouxcc@answers.com,Male,183,45,24.11.73,
446,Natalya,Hayer,nhayercd@squarespace.com,Female,189,118,09.12.37,
447,Violante,Haigh,vhaighce@live.com,Female,196,110,01.06.43,
448,Jerrine,Butlin,jbutlincf@alibaba.com,Female,177,94,26.02.90,
449,Daryn,Flemming,dflemmingcg@posterous.com,Female,180,108,08.10.39,
450,Culley,Abbis,cabbisch@google.nl,Male,161,93,13.04.60,
451,Shelagh,Kimmins,skimminsci@zdnet.com,Female,189,64,18.04.77,
452,Chrotoem,Darrigone,cdarrigonecj@tinypic.com,Male,170,104,10.03.26,
453,Othilie,Cescoti,ocescotick@theglobeandmail.com,Female,173,71,25.03.20,
454,Siobhan,De Cristofalo,sdecristofalocl@ehow.com,Female,185,106,30.11.40,
455,Mordecai,Epgrave,mepgravecm@google.es,Male,188,79,03.05.23,
456,Claudius,Novak,cnovakcn@paginegialle.it,Male,155,93,26.01.67,
457,Marie-ann,Lyddyard,mlyddyardco@etsy.com,Female,193,92,03.02.60,
458,Justis,Barlthrop,jbarlthropcp@weather.com,Male,182,50,20.04.02,
459,Amabel,Doak,adoakcq@bigcartel.com,Female,160,104,14.04.56,
460,Berkley,Howels,bhowelscr@behance.net,Male,185,67,05.02.87,
461,Aubrette,Backes,abackescs@drupal.org,Female,158,43,23.02.61,
462,Nichole,Hughlin,nhughlinct@topsy.com,Female,154,61,17.09.09,
463,Lynnea,Woliter,lwolitercu@nature.com,Female,170,116,19.01.09,
464,Virgina,Radage,vradagecv@artisteer.com,Female,188,55,22.08.01,
465,Alejoa,Pittle,apittlecw@squidoo.com,Male,178,68,03.03.72,
466,Lars,Fullerton,lfullertoncx@a8.net,Male,155,111,08.11.85,
467,Krystle,Bantham,kbanthamcy@webs.com,Female,162,117,30.07.89,
468,Fraze,Roston,frostoncz@newsvine.com,Male,187,116,04.02.75,
469,Marissa,Dollard,mdollardd0@imdb.com,Female,187,57,03.03.08,
470,Stu,Howerd,showerdd1@techcrunch.com,Male,172,91,01.11.73,
471,Mychal,Macellar,mmacellard2@amazon.co.uk,Male,194,92,01.08.07,
472,Lara,Wellstood,lwellstoodd3@zimbio.com,Female,162,111,19.06.38,
473,Thomas,Stanyer,tstanyerd4@ox.ac.uk,Male,163,105,02.04.64,
474,Towney,Pitceathly,tpitceathlyd5@woothemes.com,Male,200,104,29.11.54,
475,Dew,Pierrepont,dpierrepontd6@surveymonkey.com,Male,157,66,30.09.64,
476,Palm,O'Doireidh,podoireidhd7@theguardian.com,Male,190,110,02.12.45,
477,Carroll,McQuode,cmcquoded8@forbes.com,Male,177,116,25.08.46,
478,Florry,Di Ruggiero,fdiruggierod9@cargocollective.com,Female,199,63,12.11.57,
479,Janette,Simenel,jsimenelda@patch.com,Female,180,107,03.05.99,
480,Abramo,Davenhall,adavenhalldb@qq.com,Male,164,80,09.06.38,
481,Johnna,Dishmon,jdishmondc@ebay.com,Female,165,47,15.09.86,
482,Merell,Sturm,msturmdd@ca.gov,Male,157,70,21.02.07,
483,Gardener,Urch,gurchde@so-net.ne.jp,Male,200,47,13.05.62,
484,Ninnette,Cayser,ncayserdf@yahoo.co.jp,Female,169,99,22.02.53,
485,Marilyn,Amphlett,mamphlettdg@goodreads.com,Female,170,110,01.06.59,
486,Bartlet,Shillitto,bshillittodh@soup.io,Male,184,47,12.10.39,
487,Armando,Yurtsev,ayurtsevdi@pen.io,Male,163,115,28.05.37,
488,Angelique,Hebditch,ahebditchdj@ask.com,Female,159,66,08.09.86,
489,Gradeigh,McAvinchey,gmcavincheydk@shareasale.com,Male,155,49,14.05.29,
490,Beitris,Stigell,bstigelldl@ameblo.jp,Female,193,47,24.12.67,
491,Kathlin,Brachell,kbrachelldm@domainmarket.com,Female,198,81,31.12.71,
492,Onida,Studders,ostuddersdn@bloomberg.com,Female,191,88,23.01.99,
493,Jeno,Epilet,jepiletdo@msn.com,Male,198,98,21.03.60,
494,Carline,Grishmanov,cgrishmanovdp@google.com.hk,Female,150,88,24.08.34,
495,Iago,Emlin,iemlindq@ameblo.jp,Male,184,115,23.08.91,
496,Batholomew,Beagles,bbeaglesdr@list-manage.com,Male,162,69,12.02.57,
497,Esme,Dymond,edymondds@bloglines.com,Female,187,76,15.08.73,
498,Othilie,Gerriet,ogerrietdt@lulu.com,Female,156,115,20.05.89,
499,Nancie,Clemenzo,nclemenzodu@msn.com,Female,185,82,20.05.91,
500,Bentlee,Colquete,bcolquetedv@yolasite.com,Male,188,96,09.08.72,
501,Loise,Boaler,lboalerdw@parallels.com,Female,168,67,20.06.41,
502,Gussi,Dossantos,gdossantosdx@oaic.gov.au,Female,185,89,24.04.91,
503,Montgomery,Blandamere,mblandameredy@homestead.com,Male,167,114,03.04.61,
504,Silas,Jefferson,sjeffersondz@mit.edu,Male,184,88,01.06.75,
505,Bernardo,Spadelli,bspadellie0@hhs.gov,Male,190,115,23.09.31,
506,Odie,Bryer,obryere1@ehow.com,Male,153,104,19.07.47,
507,Taryn,Gegay,tgegaye2@macromedia.com,Female,185,78,13.06.86,
508,Craig,Hails,chailse3@army.mil,Male,185,56,26.09.05,
509,Anne-marie,Geldeford,ageldeforde4@flavors.me,Female,173,43,17.04.56,
510,Haleigh,Kinnear,hkinneare5@smh.com.au,Male,196,84,12.12.82,
511,Honey,Medlen,hmedlene6@oakley.com,Female,192,119,09.09.83,
512,Artur,Rieflin,ariefline7@scribd.com,Male,192,117,16.08.00,
513,Robena,Dannell,rdannelle8@squarespace.com,Female,175,43,19.12.69,
514,Gregorio,Lyard,glyarde9@howstuffworks.com,Male,154,103,02.06.35,
515,Gertrudis,Russon,grussonea@acquirethisname.com,Female,170,77,04.03.60,
516,Paulo,Ebbrell,pebbrelleb@irs.gov,Male,169,43,17.05.73,
517,Burton,Shedd,bsheddec@yahoo.co.jp,Male,172,70,01.03.70,
518,Mindy,Landman,mlandmaned@ocn.ne.jp,Female,157,99,24.02.66,
519,Leshia,Byne,lbyneee@oaic.gov.au,Female,177,71,09.02.52,
520,Betta,Eadmeads,beadmeadsef@sakura.ne.jp,Female,155,92,08.07.93,
521,Bailie,Gouny,bgounyeg@cpanel.net,Male,200,67,18.06.86,
522,Torrie,Stickens,tstickenseh@tinyurl.com,Female,186,63,20.04.70,
523,Daphene,Linnell,dlinnellei@purevolume.com,Female,199,116,09.10.31,
524,Aimee,Fancutt,afancuttej@barnesandnoble.com,Female,194,106,27.12.27,
525,Gayleen,Criag,gcriagek@phpbb.com,Female,168,111,26.07.07,
526,Cesar,Doughton,cdoughtonel@netlog.com,Male,176,92,18.10.94,
527,Zenia,Copnell,zcopnellem@irs.gov,Female,163,68,05.12.61,
528,Chauncey,Mabbutt,cmabbutten@buzzfeed.com,Male,178,85,24.06.42,
529,Demetria,Aulds,dauldseo@typepad.com,Female,182,51,22.06.20,
530,Claudelle,Morland,cmorlandep@yellowpages.com,Female,187,87,21.06.48,
531,Renelle,Logie,rlogieeq@china.com.cn,Female,177,102,18.09.06,
532,Munroe,Dany,mdanyer@cpanel.net,Male,188,113,22.04.63,
533,Thadeus,Norval,tnorvales@angelfire.com,Male,179,113,02.10.39,
534,Westley,Spikeings,wspikeingset@java.com,Male,152,48,06.05.43,
535,Christel,Ivy,civyeu@ask.com,Female,184,96,10.12.83,
536,Jeno,Ferryn,jferrynev@icio.us,Male,168,93,16.06.60,
537,Hurley,Woffinden,hwoffindenew@sogou.com,Male,190,59,05.07.69,
538,Markos,Seaman,mseamanex@pagesperso-orange.fr,Male,165,107,21.09.42,
539,Ramon,Skirrow,rskirrowey@guardian.co.uk,Male,174,80,06.02.09,
540,Krystle,Eaglestone,keaglestoneez@skype.com,Female,177,107,18.03.71,
541,Edgar,Vearncombe,evearncombef0@paginegialle.it,Male,194,50,17.05.22,
542,Benjamin,Kun,bkunf1@furl.net,Male,154,82,05.11.57,
543,Paxton,Mara,pmaraf2@smh.com.au,Male,153,93,27.09.87,
544,Chastity,Petrozzi,cpetrozzif3@vimeo.com,Female,189,119,14.12.30,
545,Carolus,Finley,cfinleyf4@usa.gov,Male,173,65,03.09.98,
546,Bendite,Disney,bdisneyf5@dyndns.org,Female,200,63,30.05.43,
547,Rubin,Latour,rlatourf6@foxnews.com,Male,192,116,06.06.26,
548,Frederik,Dymoke,fdymokef7@cocolog-nifty.com,Male,156,48,20.12.77,
549,Glad,Sabate,gsabatef8@cornell.edu,Female,175,54,02.12.22,
550,Haywood,McVeigh,hmcveighf9@mlb.com,Male,151,115,12.09.09,
551,Aldous,Hof,ahoffa@naver.com,Male,164,41,23.04.46,
552,Wyatt,Layborn,wlaybornfb@purevolume.com,Male,190,114,22.04.89,
553,Perry,Davidowich,pdavidowichfc@flavors.me,Female,162,79,23.03.75,
554,Elvin,Matthiae,ematthiaefd@linkedin.com,Male,159,77,23.06.61,
555,Cammy,Closs,cclossfe@cafepress.com,Male,165,51,22.05.75,
556,Roth,Ca,rcaff@themeforest.net,Male,156,66,29.05.89,
557,Gus,Bittleson,gbittlesonfg@reverbnation.com,Female,159,102,16.01.40,
558,Myron,Beldan,mbeldanfh@google.pl,Male,167,116,16.06.79,
559,Bail,Flint,bflintfi@furl.net,Male,187,120,05.03.56,
560,Javier,Bambury,jbamburyfj@barnesandnoble.com,Male,160,80,13.10.80,
561,Joanie,Rosie,jrosiefk@hao123.com,Female,181,88,26.08.49,
562,Ruthie,Brouncker,rbrounckerfl@scribd.com,Female,179,96,10.09.83,
563,Eolanda,Sheerman,esheermanfm@skype.com,Female,186,66,16.12.73,
564,Kiele,Inderwick,kinderwickfn@mapquest.com,Female,192,52,02.04.26,
565,Siusan,Keynes,skeynesfo@networkadvertising.org,Female,164,112,26.06.99,
566,Stacy,Lashbrook,slashbrookfp@yolasite.com,Female,166,95,09.07.86,
567,Lock,Tomaschke,ltomaschkefq@xing.com,Male,152,72,26.09.62,
568,Eldon,Goeff,egoefffr@nationalgeographic.com,Male,172,118,27.03.07,
569,Lavena,Rosenbarg,lrosenbargfs@cam.ac.uk,Female,156,75,05.02.23,
570,Hilliary,Glasson,hglassonft@google.nl,Female,164,46,06.05.93,
571,Tiler,Beddow,tbeddowfu@cloudflare.com,Male,154,97,18.01.35,
572,Zacharias,Furzey,zfurzeyfv@zdnet.com,Male,167,102,10.10.86,
573,Colby,Heffer,chefferfw@howstuffworks.com,Male,158,107,13.02.53,
574,Pepi,Billyard,pbillyardfx@joomla.org,Female,183,47,17.08.90,
575,Gregorio,Fowls,gfowlsfy@opera.com,Male,193,120,06.10.77,
576,Alfi,Ryton,arytonfz@utexas.edu,Female,150,65,02.06.24,
577,Abbot,Brewin,abrewing0@altervista.org,Male,184,52,23.04.40,
578,Honoria,Holah,hholahg1@issuu.com,Female,181,73,28.02.34,
579,Hedvige,Lobb,hlobbg2@howstuffworks.com,Female,179,75,29.06.34,
580,Gardiner,Trusler,gtruslerg3@un.org,Male,168,68,03.03.32,
581,Alina,Dimitrijevic,adimitrijevicg4@paginegialle.it,Female,196,86,10.11.91,
582,Jacklin,Fandrich,jfandrichg5@flickr.com,Female,180,77,06.05.53,
583,Borden,Draco,bdracog6@engadget.com,Male,169,78,28.06.70,
584,Collie,Tommaseo,ctommaseog7@huffingtonpost.com,Female,174,113,03.09.78,
585,Osborne,Blunsum,oblunsumg8@nba.com,Male,160,120,20.06.85,
586,Miriam,Huccaby,mhuccabyg9@cnn.com,Female,155,54,01.10.60,
587,Doralia,Mulligan,dmulliganga@ezinearticles.com,Female,151,84,06.12.41,
588,Marlee,Copper,mcoppergb@europa.eu,Female,151,49,25.04.22,
589,Mandie,Klimov,mklimovgc@unblog.fr,Female,177,76,26.07.24,
590,Erek,Ecclestone,eecclestonegd@wisc.edu,Male,183,78,29.10.74,
591,Cosette,Rolph,crolphge@weibo.com,Female,169,84,27.05.72,
592,Issie,Messham,imesshamgf@multiply.com,Female,185,42,09.07.41,
593,Alisa,Krysztofowicz,akrysztofowiczgg@liveinternet.ru,Female,177,73,28.11.84,
594,Bonita,Shubotham,bshubothamgh@webeden.co.uk,Female,154,91,08.11.66,
595,Morie,Leggott,mleggottgi@sbwire.com,Male,169,102,03.09.35,
596,Kalinda,Moodey,kmoodeygj@disqus.com,Female,179,79,06.10.06,
597,Hillier,Stannas,hstannasgk@netlog.com,Male,169,79,21.05.02,
598,Algernon,Bohey,aboheygl@hibu.com,Male,184,65,30.10.40,
599,Quent,Sorsby,qsorsbygm@opensource.org,Male,173,88,06.07.32,
600,Shara,Remon,sremongn@naver.com,Female,190,65,20.01.51,
601,Karil,Helian,kheliango@dion.ne.jp,Female,166,64,05.01.81,
602,Robina,Goodredge,rgoodredgegp@goo.ne.jp,Female,193,74,15.12.67,
603,Bethany,Housecroft,bhousecroftgq@sciencedirect.com,Female,164,110,13.07.05,
604,Renae,Molan,rmolangr@un.org,Female,170,97,12.04.84,
605,Ase,Durram,adurramgs@topsy.com,Male,158,89,16.09.73,
606,Frederica,Shearer,fshearergt@tinyurl.com,Female,177,102,13.11.87,
607,Hollie,Pardoe,hpardoegu@oracle.com,Female,185,86,06.06.73,
608,Emmi,Mc Grath,emcgrathgv@about.me,Female,198,118,10.10.06,
609,Troy,Rawkesby,trawkesbygw@about.me,Male,196,54,04.07.71,
610,Melony,Lygoe,mlygoegx@naver.com,Female,192,77,12.01.52,
611,Engracia,Coundley,ecoundleygy@home.pl,Female,191,61,27.06.62,
612,Cullen,O'Growgane,cogrowganegz@posterous.com,Male,195,55,09.10.57,
613,Sutton,Andreazzi,sandreazzih0@phoca.cz,Male,199,105,22.02.87,
614,Pippa,Kern,pkernh1@blogspot.com,Female,156,82,04.05.56,
615,Melloney,Overpool,moverpoolh2@guardian.co.uk,Female,172,88,07.08.86,
616,Darryl,Appleyard,dappleyardh3@baidu.com,Female,151,56,10.07.72,
617,Corri,Bremen,cbremenh4@hhs.gov,Female,175,99,10.11.05,
618,Spike,Welsh,swelshh5@addtoany.com,Male,160,108,20.07.38,
619,Enoch,Tracey,etraceyh6@state.gov,Male,153,61,31.12.54,
620,Hatty,Themann,hthemannh7@live.com,Female,176,83,29.04.32,
621,Bob,Dorrins,bdorrinsh8@cbc.ca,Male,191,73,04.04.44,
622,Neile,Litherborough,nlitherboroughh9@independent.co.uk,Female,193,96,30.05.61,
623,Kate,De Ambrosis,kdeambrosisha@zimbio.com,Female,194,76,30.03.37,
624,Layton,Leathem,lleathemhb@ustream.tv,Male,162,78,01.08.61,
625,Rochell,Jakubovits,rjakubovitshc@homestead.com,Female,171,55,23.06.83,
626,Lauren,Butterick,lbutterickhd@desdev.cn,Male,178,48,27.06.80,
627,Kristi,Judson,kjudsonhe@xinhuanet.com,Female,190,58,13.01.35,
628,Norbert,Driver,ndriverhf@microsoft.com,Male,175,101,05.11.57,
629,Karie,Sculpher,ksculpherhg@state.gov,Female,156,106,06.02.67,
630,Willa,Mumbey,wmumbeyhh@squidoo.com,Female,158,74,24.05.83,
631,Chadd,Chilton,cchiltonhi@arizona.edu,Male,197,70,01.03.87,
632,Celeste,Baraclough,cbaracloughhj@dmoz.org,Female,199,105,15.10.90,
633,Donica,MacArthur,dmacarthurhk@sfgate.com,Female,165,66,31.01.05,
634,Evelyn,Cracker,ecrackerhl@nhs.uk,Male,187,97,01.03.46,
635,Linc,Matveyev,lmatveyevhm@yellowbook.com,Male,151,83,08.10.54,
636,Carlynne,Twinbourne,ctwinbournehn@people.com.cn,Female,150,84,01.06.80,
637,Gayle,McManamen,gmcmanamenho@un.org,Female,194,56,07.01.54,
638,Timmy,Longhorne,tlonghornehp@phpbb.com,Female,151,94,07.07.03,
639,Gloriane,Ossipenko,gossipenkohq@wp.com,Female,157,116,13.12.29,
640,Towney,Ewers,tewershr@cisco.com,Male,183,120,02.08.25,
641,Egbert,Baylay,ebaylayhs@domainmarket.com,Male,187,52,24.07.61,
642,Wenonah,Rosberg,wrosberght@yolasite.com,Female,194,49,21.04.28,
643,Morie,Beckhurst,mbeckhursthu@aboutads.info,Male,195,116,18.09.76,
644,Natalya,Petrou,npetrouhv@opensource.org,Female,151,63,16.05.27,
645,Monti,Thurby,mthurbyhw@blogger.com,Male,165,60,15.02.53,
646,Marcela,Gabey,mgabeyhx@virginia.edu,Female,153,56,15.03.41,
647,Kathi,Spurriar,kspurriarhy@trellian.com,Female,150,78,26.01.63,
648,Winni,Brahmer,wbrahmerhz@gravatar.com,Female,169,41,23.11.42,
649,Osbourn,Clinkard,oclinkardi0@reddit.com,Male,189,108,30.03.71,
650,Derk,Millichip,dmillichipi1@wunderground.com,Male,164,50,08.09.78,
651,Melvyn,Dimitrie,mdimitriei2@symantec.com,Male,187,45,19.06.06,
652,Leslie,Freckingham,lfreckinghami3@bravesites.com,Female,184,51,01.06.57,
653,Janeva,Ricciardo,jricciardoi4@google.com.hk,Female,169,94,07.09.99,
654,Gussie,Bowes,gbowesi5@lulu.com,Female,191,118,10.10.22,
655,Phip,Bottoner,pbottoneri6@addtoany.com,Male,164,87,24.12.91,
656,Jarred,Darracott,jdarracotti7@sina.com.cn,Male,186,98,28.01.74,
657,Alicia,Seppey,aseppeyi8@topsy.com,Female,189,63,20.09.94,
658,Waly,De Ortega,wdeortegai9@newsvine.com,Female,160,96,03.03.41,
659,Cedric,Simukov,csimukovia@merriam-webster.com,Male,164,112,11.10.32,
660,Katya,Mildner,kmildnerib@usgs.gov,Female,187,110,15.12.38,
661,Maria,Belward,mbelwardic@google.com.br,Female,198,67,09.03.54,
662,Dale,Mushrow,dmushrowid@addthis.com,Male,156,100,11.10.81,
663,Luther,Doone,ldooneie@webs.com,Male,188,112,08.02.39,
664,Emelia,Sego,esegoif@alexa.com,Female,175,50,18.11.36,
665,Felicity,Clynmans,fclynmansig@taobao.com,Female,191,48,01.04.86,
666,Berget,Pietrowicz,bpietrowiczih@rakuten.co.jp,Female,161,77,25.11.97,
667,Byrle,Strangeways,bstrangewaysii@webmd.com,Male,152,77,14.03.31,
668,Hertha,Very,hveryij@forbes.com,Female,165,74,08.12.42,
669,Karee,Benzi,kbenziik@uiuc.edu,Female,159,75,25.04.01,
670,Rebecca,Johnsee,rjohnseeil@eventbrite.com,Female,175,81,22.11.34,
671,Gabriello,Green,ggreenim@github.com,Male,169,52,13.03.92,
672,Penrod,Mielnik,pmielnikin@fda.gov,Male,179,59,17.04.45,
673,Bridie,Collelton,bcolleltonio@joomla.org,Female,152,68,05.09.46,
674,Maressa,Crabb,mcrabbip@blogger.com,Female,158,106,06.10.93,
675,Herby,Eberlein,heberleiniq@dot.gov,Male,195,111,08.10.73,
676,Elton,Leeburn,eleeburnir@blinklist.com,Male,150,54,24.04.23,
677,Nikkie,Wrettum,nwrettumis@alexa.com,Female,179,88,16.06.22,
678,Abagael,Dukesbury,adukesburyit@biglobe.ne.jp,Female,184,110,02.03.35,
679,Ailyn,Aizikowitz,aaizikowitziu@go.com,Female,153,73,26.08.25,
680,Rafaelia,Dunkerly,rdunkerlyiv@forbes.com,Female,171,86,30.12.88,
681,Fernanda,Willgoose,fwillgooseiw@bbb.org,Female,167,56,09.07.30,
682,Louella,Brookes,lbrookesix@sun.com,Female,152,47,10.08.67,
683,Banky,Kirkbright,bkirkbrightiy@elegantthemes.com,Male,191,112,05.07.00,
684,Alia,Fassum,afassumiz@amazon.de,Female,179,109,22.03.53,
685,Son,Camps,scampsj0@cyberchimps.com,Male,165,79,09.06.45,
686,Stormy,Arnfield,sarnfieldj1@pcworld.com,Female,182,120,14.02.76,
687,Alli,Andrew,aandrewj2@blogspot.com,Female,182,100,03.03.55,
688,Kent,Dewane,kdewanej3@wsj.com,Male,168,52,03.04.06,
689,Gustaf,Leuty,gleutyj4@free.fr,Male,163,120,11.02.79,
690,Karlen,Gasquoine,kgasquoinej5@usatoday.com,Female,185,40,26.09.78,
691,Fabio,Wiggans,fwiggansj6@digg.com,Male,157,90,29.04.67,
692,Barney,Ewers,bewersj7@google.it,Male,170,76,12.02.91,
693,Bernadina,Pitkaithly,bpitkaithlyj8@elpais.com,Female,170,54,05.08.84,
694,Valaria,Cayford,vcayfordj9@home.pl,Female,150,93,09.01.44,
695,Wyn,Summerley,wsummerleyja@dell.com,Male,166,70,17.12.72,
696,Keen,Maypowder,kmaypowderjb@yelp.com,Male,173,91,18.05.23,
697,Charmaine,Blakes,cblakesjc@theguardian.com,Female,168,85,10.09.06,
698,Tildy,Baelde,tbaeldejd@japanpost.jp,Female,177,64,15.08.92,
699,Anita,Jeynes,ajeynesje@comcast.net,Female,184,102,16.10.72,
700,Kelley,Foukx,kfoukxjf@goodreads.com,Male,159,81,04.03.10,
701,Kevon,Abrashkin,kabrashkinjg@umn.edu,Male,158,87,11.07.09,
702,Dorri,Wealleans,dwealleansjh@freewebs.com,Female,200,89,27.06.20,
703,Bearnard,Elcocks,belcocksji@uol.com.br,Male,193,118,24.05.58,
704,Thoma,Outright,toutrightjj@4shared.com,Male,181,63,21.03.96,
705,Xenos,Aylin,xaylinjk@canalblog.com,Male,157,46,11.05.58,
706,Ulick,Grishukov,ugrishukovjl@bigcartel.com,Male,165,107,19.08.81,
707,Nevin,Lawful,nlawfuljm@wordpress.com,Male,161,62,07.10.32,
708,Merle,Savege,msavegejn@ask.com,Female,173,84,13.10.34,
709,Euphemia,Lauga,elaugajo@indiatimes.com,Female,187,99,02.07.54,
710,Letta,Linger,llingerjp@ucoz.ru,Female,167,113,21.07.33,
711,Orazio,Dollard,odollardjq@usa.gov,Male,165,102,21.11.80,
712,Rhodie,Caulliere,rcaullierejr@slate.com,Female,179,115,30.12.94,
713,Odessa,Heasman,oheasmanjs@disqus.com,Female,155,94,14.01.21,
714,Malena,Balsellie,mbalselliejt@hubpages.com,Female,167,120,25.03.83,
715,Jeane,Crowdace,jcrowdaceju@wufoo.com,Female,169,85,11.02.41,
716,Annelise,Standingford,astandingfordjv@dedecms.com,Female,155,99,15.03.22,
717,Morie,Valentim,mvalentimjw@usa.gov,Male,193,64,10.07.34,
718,Aldis,Hugli,ahuglijx@twitter.com,Male,195,120,11.05.55,
719,Brady,Szabo,bszabojy@cdc.gov,Male,190,56,26.06.09,
720,Darren,Scrange,dscrangejz@bbc.co.uk,Male,180,62,21.09.01,
721,Christiane,Kingaby,ckingabyk0@meetup.com,Female,167,44,27.02.37,
722,Worden,Lenin,wlenink1@pen.io,Male,166,113,28.09.53,
723,Mair,Erni,mernik2@disqus.com,Female,164,72,11.05.26,
724,Sawyer,Beals,sbealsk3@globo.com,Male,180,88,09.10.97,
725,Virgie,Nottingam,vnottingamk4@linkedin.com,Female,178,98,29.10.26,
726,Gabrila,Dobie,gdobiek5@businessweek.com,Female,156,116,19.12.45,
727,Max,Shurmore,mshurmorek6@sourceforge.net,Female,158,42,24.05.23,
728,Dunc,Golightly,dgolightlyk7@google.ru,Male,157,113,16.02.89,
729,Loraine,Wrout,lwroutk8@vistaprint.com,Female,177,83,09.05.09,
730,Kacey,Verbruggen,kverbruggenk9@shareasale.com,Female,198,68,01.05.48,
731,Star,Swannie,sswannieka@reddit.com,Female,181,78,17.08.94,
732,Ania,Donlon,adonlonkb@webeden.co.uk,Female,158,72,13.02.04,
733,Bettye,Cornfield,bcornfieldkc@phoca.cz,Female,191,71,02.07.87,
734,Sharleen,Saile,ssailekd@feedburner.com,Female,156,102,16.10.60,
735,Alyosha,Bruinsma,abruinsmake@etsy.com,Male,172,82,10.06.78,
736,Hymie,Lote,hlotekf@networksolutions.com,Male,191,49,13.05.36,
737,Walker,Ferreras,wferreraskg@symantec.com,Male,200,79,15.03.32,
738,Ali,Slainey,aslaineykh@hp.com,Male,183,65,10.08.67,
739,Nicola,Biernat,nbiernatki@ucla.edu,Female,193,85,06.07.06,
740,Rourke,Cappineer,rcappineerkj@bing.com,Male,162,97,06.05.54,
741,Aarika,Tatam,atatamkk@npr.org,Female,194,57,27.05.87,
742,Reiko,Stonestreet,rstonestreetkl@over-blog.com,Female,171,80,05.05.05,
743,Cori,Perutto,cperuttokm@github.io,Male,181,69,20.01.63,
744,Hewe,Yole,hyolekn@topsy.com,Male,178,104,15.10.64,
745,Reggie,O' Connell,roconnellko@networkadvertising.org,Male,164,112,13.01.01,
746,Cheston,Quartly,cquartlykp@jigsy.com,Male,194,92,31.12.95,
747,Nettle,Hanbidge,nhanbidgekq@weebly.com,Female,179,82,24.05.95,
748,Timmie,Fallens,tfallenskr@gizmodo.com,Male,188,112,28.08.26,
749,Ossie,Boar,oboarks@europa.eu,Male,168,83,22.05.97,
750,Tomasina,Bousquet,tbousquetkt@creativecommons.org,Female,184,66,02.07.06,
751,Wyatt,Osgood,wosgoodku@infoseek.co.jp,Male,189,85,09.10.45,
752,Jena,Dinzey,jdinzeykv@wsj.com,Female,155,56,02.11.84,
753,Whitney,Woodrooffe,wwoodrooffekw@wired.com,Male,154,63,03.07.43,
754,Karee,von Nassau,kvonnassaukx@spiegel.de,Female,193,110,09.02.68,
755,Celinka,McQuode,cmcquodeky@shareasale.com,Female,185,54,02.12.03,
756,Archaimbaud,Eastwood,aeastwoodkz@amazon.co.jp,Male,153,89,02.05.21,
757,Milissent,Bonellie,mbonelliel0@skype.com,Female,186,80,09.07.61,
758,Constanta,Greenset,cgreensetl1@bluehost.com,Female,166,44,12.06.04,
759,Rozelle,Keford,rkefordl2@biblegateway.com,Female,153,106,20.03.32,
760,Floria,Annable,fannablel3@latimes.com,Female,166,79,01.12.46,
761,Gus,Corrington,gcorringtonl4@alibaba.com,Male,155,109,07.02.71,
762,Alair,Jacqueme,ajacquemel5@google.fr,Male,199,97,03.05.07,
763,Arney,Rothery,arotheryl6@latimes.com,Male,158,73,15.05.93,
764,Odille,Slyne,oslynel7@newyorker.com,Female,182,105,09.01.88,
765,Colly,Yannikov,cyannikovl8@ocn.ne.jp,Female,165,89,19.05.84,
766,Randall,Bish,rbishl9@addtoany.com,Male,154,110,03.04.53,
767,Donelle,Epgrave,depgravela@tinypic.com,Female,195,90,26.02.90,
768,Joceline,McGreal,jmcgreallb@dailymotion.com,Female,190,67,20.11.78,
769,Roby,Salerg,rsalerglc@geocities.jp,Female,195,110,29.08.30,
770,Alberta,Denmead,adenmeadld@trellian.com,Female,187,58,05.04.83,
771,Garrot,Ogilvie,gogilviele@tripadvisor.com,Male,171,52,24.08.95,
772,Batholomew,Osipenko,bosipenkolf@jugem.jp,Male,194,89,12.10.89,
773,Kaylee,Sealey,ksealeylg@360.cn,Female,186,78,15.09.04,
774,Oran,Covell,ocovelllh@unblog.fr,Male,180,103,18.10.51,
775,Adrien,Dunnico,adunnicoli@com.com,Male,189,56,19.11.33,
776,Gayle,Brazenor,gbrazenorlj@themeforest.net,Male,192,91,28.01.67,
777,Hestia,Bryer,hbryerlk@comsenz.com,Female,167,97,02.05.49,
778,Gunilla,Kyme,gkymell@spiegel.de,Female,194,86,20.05.78,
779,Perkin,Ryde,prydelm@list-manage.com,Male,171,63,16.05.68,
780,Townsend,Doleman,tdolemanln@epa.gov,Male,166,108,10.07.30,
781,Sherri,Faulo,sfaulolo@cam.ac.uk,Female,180,55,11.07.21,
782,Shelba,Pimer,spimerlp@list-manage.com,Female,156,94,22.09.63,
783,Lyndsay,Lassells,llassellslq@techcrunch.com,Female,159,59,11.03.55,
784,Katherine,Bucher,kbucherlr@360.cn,Female,152,104,15.03.52,
785,Teador,McClenan,tmcclenanls@wordpress.org,Male,164,86,09.09.75,
786,Luise,Menary,lmenarylt@netlog.com,Female,197,104,18.12.04,
787,Artemas,Errichiello,aerrichiellolu@jalbum.net,Male,169,69,02.03.82,
788,Hernando,Alabone,halabonelv@themeforest.net,Male,199,95,16.10.53,
789,Orelee,Gleeson,ogleesonlw@uol.com.br,Female,169,69,05.08.62,
790,Orlando,Jansema,ojansemalx@smh.com.au,Male,164,89,23.08.29,
791,Duff,Tomasicchio,dtomasicchioly@blogger.com,Male,195,102,26.10.67,
792,Mathilde,Eynaud,meynaudlz@weather.com,Female,176,100,28.02.06,
793,Stirling,Ingall,singallm0@npr.org,Male,184,56,07.04.35,
794,Willie,Horsefield,whorsefieldm1@samsung.com,Male,200,83,27.11.84,
795,Rustie,Tomes,rtomesm2@archive.org,Male,172,46,28.10.54,
796,Jarvis,Delion,jdelionm3@umich.edu,Male,157,63,30.07.78,
797,Shaine,Bartolacci,sbartolaccim4@engadget.com,Male,162,65,24.01.45,
798,Clerkclaude,Ratcliffe,cratcliffem5@constantcontact.com,Male,182,106,10.07.58,
799,Grove,Worwood,gworwoodm6@cmu.edu,Male,183,106,13.06.34,
800,Ellie,Izkovitz,eizkovitzm7@si.edu,Female,154,85,24.01.92,
801,Emma,Scyner,escynerm8@digg.com,Female,183,64,12.01.60,
802,Galina,Martynov,gmartynovm9@webmd.com,Female,178,40,18.05.47,
803,Stanly,Fawbert,sfawbertma@salon.com,Male,152,83,30.09.48,
804,Lucais,Medforth,lmedforthmb@smugmug.com,Male,192,102,14.12.74,
805,Marlene,Beszant,mbeszantmc@themeforest.net,Female,154,108,11.01.34,
806,Royall,Iacopo,riacopomd@guardian.co.uk,Male,169,106,09.02.97,
807,Felic,Stoyles,fstoylesme@wunderground.com,Male,178,79,14.12.60,
808,Mile,Domingues,mdominguesmf@smugmug.com,Male,159,108,28.07.06,
809,Niles,Kausche,nkauschemg@mail.ru,Male,159,96,07.03.69,
810,Martyn,Eldrett,meldrettmh@plala.or.jp,Male,184,51,05.08.96,
811,Worthington,Geach,wgeachmi@google.ca,Male,193,64,12.12.50,
812,Caleb,Eliet,celietmj@china.com.cn,Male,183,76,10.02.39,
813,Bruno,Geldert,bgeldertmk@umn.edu,Male,171,83,02.09.52,
814,Natalina,Orred,norredml@army.mil,Female,188,117,15.01.33,
815,Ingmar,Behnecke,ibehneckemm@de.vu,Male,183,85,19.08.03,
816,Tiebold,Childes,tchildesmn@intel.com,Male,166,104,17.05.91,
817,Anet,Lye,alyemo@constantcontact.com,Female,174,93,12.07.00,
818,Babbie,Stirton,bstirtonmp@wikimedia.org,Female,150,40,02.05.03,
819,Ethelda,Praundlin,epraundlinmq@google.ru,Female,190,40,20.11.92,
820,Pietrek,Baumadier,pbaumadiermr@sogou.com,Male,155,58,25.12.75,
821,Misty,Peat,mpeatms@theglobeandmail.com,Female,193,63,08.07.21,
822,Micheline,Mattingson,mmattingsonmt@google.co.uk,Female,177,96,29.08.34,
823,Cathrine,Cruddas,ccruddasmu@amazon.com,Female,172,49,18.08.06,
824,Darcy,Hollyman,dhollymanmv@imageshack.us,Female,166,78,27.01.01,
825,Anselma,Geffen,ageffenmw@apache.org,Female,170,92,22.01.98,
826,Cassandre,Zeplin,czeplinmx@google.it,Female,158,63,17.01.34,
827,Merwin,Giggs,mgiggsmy@wikipedia.org,Male,188,95,29.04.02,
828,Kristina,Ivanyushkin,kivanyushkinmz@ovh.net,Female,194,120,28.05.55,
829,Berny,Prichard,bprichardn0@deviantart.com,Male,177,79,27.07.53,
830,Kriste,Aubri,kaubrin1@sun.com,Female,163,85,15.05.04,
831,Harwell,Lillywhite,hlillywhiten2@altervista.org,Male,151,79,22.09.03,
832,Valentina,Szymanowski,vszymanowskin3@a8.net,Female,170,115,24.05.45,
833,Nicki,Luten,nlutenn4@macromedia.com,Female,173,64,26.09.83,
834,Almira,Bugden,abugdenn5@liveinternet.ru,Female,186,110,11.05.28,
835,York,Benbrick,ybenbrickn6@state.tx.us,Male,169,52,26.09.34,
836,Fina,Anslow,fanslown7@ftc.gov,Female,176,63,27.01.72,
837,Lorrie,Copas,lcopasn8@census.gov,Male,156,106,26.01.71,
838,Cornie,Fidelus,cfidelusn9@earthlink.net,Male,165,64,04.07.59,
839,Anselma,Kid,akidna@nsw.gov.au,Female,188,48,31.05.34,
840,Corrina,McKendo,cmckendonb@sogou.com,Female,176,82,30.07.80,
841,Dinah,Merrien,dmerriennc@vk.com,Female,154,76,30.05.44,
842,Tamas,Scamal,tscamalnd@t-online.de,Male,198,95,23.06.07,
843,Marilin,Gowan,mgowanne@cargocollective.com,Female,200,58,24.12.43,
844,Chloette,Danher,cdanhernf@ucsd.edu,Female,173,116,04.10.26,
845,Enrika,Kidson,ekidsonng@pcworld.com,Female,171,85,27.11.42,
846,Gay,Hinstock,ghinstocknh@live.com,Male,174,80,11.11.40,
847,Earlie,Craigs,ecraigsni@weebly.com,Male,195,76,24.06.72,
848,Marsh,Lawie,mlawienj@ted.com,Male,194,120,16.12.70,
849,Barbara,Ogborn,bogbornnk@seattletimes.com,Female,184,86,01.11.92,
850,Lennie,Ogelbe,logelbenl@opera.com,Male,179,55,07.04.66,
851,Gerty,Hustler,ghustlernm@guardian.co.uk,Female,181,68,14.12.94,
852,Gustav,Cason,gcasonnn@indiegogo.com,Male,160,115,09.01.32,
853,Tootsie,Hubbucke,thubbuckeno@zdnet.com,Female,169,46,26.07.66,
854,Marvin,Hambly,mhamblynp@blog.com,Male,191,73,29.03.49,
855,Alair,Conyers,aconyersnq@wunderground.com,Male,182,70,03.05.63,
856,Blaine,Ransfield,bransfieldnr@google.ru,Male,199,76,18.05.27,
857,Christa,Lamminam,clamminamns@wufoo.com,Female,168,47,16.03.81,
858,Fay,Beel,fbeelnt@ehow.com,Female,190,108,06.07.33,
859,Josepha,Archdeacon,jarchdeaconnu@europa.eu,Female,183,95,30.09.07,
860,Zolly,Snelle,zsnellenv@odnoklassniki.ru,Male,162,93,22.07.21,
861,Marrissa,Asbrey,masbreynw@ycombinator.com,Female,151,59,23.10.09,
862,Aksel,Nye,anyenx@yahoo.com,Male,176,54,21.06.82,
863,Kristine,Kloisner,kkloisnerny@ebay.com,Female,187,52,17.07.38,
864,Farlie,Bakhrushkin,fbakhrushkinnz@biblegateway.com,Male,152,101,09.09.08,
865,Willabella,Schiell,wschiello0@tripod.com,Female,152,61,06.07.94,
866,Gregorio,Prier,gpriero1@wired.com,Male,189,87,03.03.46,
867,Jud,Kellough,jkellougho2@who.int,Male,155,42,06.12.99,
868,Karlie,Fibbens,kfibbenso3@dedecms.com,Female,161,62,12.04.49,
869,Cello,Howison,chowisono4@newyorker.com,Male,189,85,06.01.61,
870,Gertruda,Bletsor,gbletsoro5@indiatimes.com,Female,161,91,06.09.85,
871,Eddy,Doody,edoodyo6@sciencedirect.com,Female,173,62,12.10.21,
872,Hunt,Goudie,hgoudieo7@cam.ac.uk,Male,172,120,07.11.64,
873,Melamie,Bradock,mbradocko8@over-blog.com,Female,192,64,26.07.62,
874,Joyann,Memmory,jmemmoryo9@va.gov,Female,181,107,17.05.77,
875,Ximenez,Bennen,xbennenoa@ovh.net,Male,169,92,12.08.07,
876,Sophronia,Leaman,sleamanob@kickstarter.com,Female,178,51,19.03.27,
877,Virge,Kimmins,vkimminsoc@last.fm,Male,156,58,16.06.47,
878,Vladamir,Cantillion,vcantillionod@time.com,Male,183,110,06.10.77,
879,Bendix,Schultze,bschultzeoe@slideshare.net,Male,162,57,18.10.24,
880,Iolanthe,Jendricke,ijendrickeof@digg.com,Female,164,81,31.03.42,
881,Thorvald,Debenham,tdebenhamog@nba.com,Male,196,96,01.06.70,
882,Bondy,Ambresin,bambresinoh@newsvine.com,Male,198,86,04.08.85,
883,Cayla,Cotta,ccottaoi@creativecommons.org,Female,175,78,13.05.42,
884,Marylee,Nicol,mnicoloj@loc.gov,Female,173,73,16.04.24,
885,Godfry,Prydden,gpryddenok@mysql.com,Male,189,110,14.05.85,
886,Zaneta,Terrey,zterreyol@illinois.edu,Female,195,48,28.08.66,
887,Lawry,Mennithorp,lmennithorpom@sun.com,Male,174,78,29.05.80,
888,Tammy,Langelay,tlangelayon@hud.gov,Male,184,101,10.11.83,
889,Abner,Sweedland,asweedlandoo@linkedin.com,Male,200,112,27.09.00,
890,Fidole,Comiam,fcomiamop@yolasite.com,Male,171,106,23.01.21,
891,Sarine,Gasking,sgaskingoq@europa.eu,Female,158,48,09.06.48,
892,Haven,Jeff,hjeffor@sfgate.com,Male,158,108,09.09.90,
893,Gaylene,Romei,gromeios@bandcamp.com,Female,165,65,17.01.86,
894,Gay,Pollard,gpollardot@shinystat.com,Male,199,71,01.09.68,
895,Fleurette,Briiginshaw,fbriiginshawou@netscape.com,Female,193,43,30.06.07,
896,Carolyn,Cretney,ccretneyov@wix.com,Female,165,43,03.04.27,
897,Garland,Adcocks,gadcocksow@huffingtonpost.com,Female,165,46,31.07.08,
898,Daniele,Conaboy,dconaboyox@typepad.com,Female,158,50,04.01.75,
899,Meade,Oxnam,moxnamoy@posterous.com,Male,157,52,26.05.56,
900,Joan,Billie,jbillieoz@quantcast.com,Female,178,105,01.03.95,
901,Stacee,Fores,sforesp0@mit.edu,Male,178,94,15.04.90,
902,Lucas,Elener,lelenerp1@ifeng.com,Male,158,52,11.09.42,
903,Erinn,Siney,esineyp2@nytimes.com,Female,191,93,07.04.09,
904,Jerrie,Scough,jscoughp3@ihg.com,Female,183,104,21.04.08,
905,Maison,Torbet,mtorbetp4@springer.com,Male,196,73,22.10.69,
906,Ingeberg,Kerrich,ikerrichp5@flavors.me,Female,155,99,26.09.64,
907,Robyn,Fashion,rfashionp6@fotki.com,Female,196,116,08.12.30,
908,Margette,Crockett,mcrockettp7@is.gd,Female,156,43,13.02.98,
909,Blithe,Ollivier,bollivierp8@furl.net,Female,200,103,30.10.03,
910,Salaidh,O'Hara,soharap9@stumbleupon.com,Female,200,102,11.04.86,
911,Hilarius,Lehemann,hlehemannpa@bbb.org,Male,178,120,11.03.54,
912,Westbrook,Serridge,wserridgepb@odnoklassniki.ru,Male,177,97,16.02.83,
913,Sascha,Origin,soriginpc@bloomberg.com,Female,154,47,30.10.03,
914,Dusty,Ghidetti,dghidettipd@hhs.gov,Female,189,117,22.07.07,
915,Gerhardine,Fishpool,gfishpoolpe@cbslocal.com,Female,181,46,08.04.21,
916,Muire,Fawlo,mfawlopf@geocities.jp,Female,174,50,12.06.41,
917,Vere,Brozsset,vbrozssetpg@wikispaces.com,Female,198,90,01.07.87,
918,Demeter,Tuckie,dtuckieph@multiply.com,Female,192,109,15.10.21,
919,Federico,Pitway,fpitwaypi@unblog.fr,Male,168,109,22.08.70,
920,Reine,Headings,rheadingspj@prlog.org,Female,156,118,26.07.60,
921,Faye,Caudrelier,fcaudrelierpk@wsj.com,Female,197,43,15.11.57,
922,Isacco,Yusupov,iyusupovpl@pinterest.com,Male,188,85,22.03.58,
923,Garald,Bruckenthal,gbruckenthalpm@webmd.com,Male,188,51,21.06.39,
924,Ethelbert,Clemmett,eclemmettpn@tuttocitta.it,Male,177,120,29.03.40,
925,Herculie,Orrum,horrumpo@unc.edu,Male,192,65,17.07.81,
926,Luciano,Domingues,ldominguespp@businessinsider.com,Male,174,63,22.05.85,
927,Wolfgang,Filipczak,wfilipczakpq@google.pl,Male,162,104,30.01.05,
928,Bethena,Gerrett,bgerrettpr@zimbio.com,Female,184,45,02.06.87,
929,Gisele,Moulton,gmoultonps@wired.com,Female,160,105,18.12.49,
930,Sunny,Feldfisher,sfeldfisherpt@home.pl,Female,174,52,28.07.31,
931,Venus,Moulsdale,vmoulsdalepu@photobucket.com,Female,156,58,16.04.40,
932,Leela,Baylay,lbaylaypv@e-recht24.de,Female,166,75,25.07.38,
933,Tim,Grigson,tgrigsonpw@hibu.com,Male,178,102,24.06.46,
934,Bell,Bewick,bbewickpx@fastcompany.com,Female,186,95,31.12.24,
935,Mina,Brace,mbracepy@canalblog.com,Female,194,50,05.08.95,
936,Brook,Rogan,broganpz@seattletimes.com,Female,160,74,07.01.33,
937,Kasper,Iles,kilesq0@boston.com,Male,197,49,24.09.78,
938,Modestia,Atger,matgerq1@google.it,Female,191,62,13.03.55,
939,Augustus,Ingleby,ainglebyq2@seesaa.net,Male,160,70,05.01.38,
940,Keely,Farryn,kfarrynq3@washingtonpost.com,Female,178,94,16.10.00,
941,Leese,Cornell,lcornellq4@simplemachines.org,Female,181,80,03.12.95,
942,Zandra,Lozano,zlozanoq5@smh.com.au,Female,170,50,18.12.81,
943,Mellisent,Mosedall,mmosedallq6@blog.com,Female,154,69,01.09.80,
944,Herve,Gherardi,hgherardiq7@noaa.gov,Male,153,99,16.03.33,
945,Augustine,Ruzek,aruzekq8@dot.gov,Male,196,114,18.11.89,
946,Georg,Dooler,gdoolerq9@scribd.com,Male,186,109,28.08.45,
947,Caesar,Bembrick,cbembrickqa@exblog.jp,Male,171,100,15.05.69,
948,Amalea,Lovemore,alovemoreqb@1688.com,Female,194,105,30.09.64,
949,Hube,Dowda,hdowdaqc@moonfruit.com,Male,165,49,26.02.47,
950,Thaxter,Coger,tcogerqd@theguardian.com,Male,172,89,31.03.78,
951,Wallache,Limeburn,wlimeburnqe@examiner.com,Male,183,107,31.07.55,
952,Shelly,O' Borne,soborneqf@is.gd,Female,155,85,27.01.75,
953,Jodie,Longina,jlonginaqg@sohu.com,Male,183,109,21.01.01,
954,Randell,Sackett,rsackettqh@wisc.edu,Male,179,47,05.08.90,
955,Roarke,Tilbey,rtilbeyqi@hud.gov,Male,173,85,18.01.94,
956,Gregoor,Baldin,gbaldinqj@elpais.com,Male,163,106,15.04.88,
957,Mora,Filchakov,mfilchakovqk@sourceforge.net,Female,183,84,24.02.28,
958,Mariquilla,Hayhow,mhayhowql@stanford.edu,Female,184,102,13.10.70,
959,Leanna,Fritter,lfritterqm@geocities.com,Female,191,110,19.02.64,
960,Gweneth,Petran,gpetranqn@sakura.ne.jp,Female,163,51,10.06.47,
961,Marty,McGibbon,mmcgibbonqo@mediafire.com,Male,150,97,08.06.91,
962,Devonne,Chicotti,dchicottiqp@privacy.gov.au,Female,181,52,26.08.98,
963,Averil,Prodrick,aprodrickqq@ustream.tv,Male,162,90,20.09.65,
964,Elmo,Kira,ekiraqr@webs.com,Male,176,118,05.08.72,
965,Faith,Setchfield,fsetchfieldqs@fda.gov,Female,179,59,11.07.78,
966,Willy,Frazier,wfrazierqt@google.it,Male,173,44,28.03.28,
967,Merwyn,Rimour,mrimourqu@lycos.com,Male,173,102,02.08.24,
968,See,Rushworth,srushworthqv@dot.gov,Male,198,48,28.01.29,
969,Gib,O'Hallagan,gohallaganqw@msn.com,Male,174,104,31.01.25,
970,Dorita,Richardeau,drichardeauqx@nationalgeographic.com,Female,168,117,21.10.43,
971,Dario,Galliford,dgallifordqy@xinhuanet.com,Male,185,79,20.02.41,
972,Demetris,O'Donovan,dodonovanqz@eventbrite.com,Male,179,100,31.07.06,
973,Karlis,Panther,kpantherr0@hatena.ne.jp,Male,165,62,30.10.89,
974,Minette,Winder,mwinderr1@google.co.uk,Female,150,90,16.07.71,
975,Manolo,Marrow,mmarrowr2@naver.com,Male,154,102,25.06.89,
976,Alejoa,Tertre,atertrer3@dell.com,Male,159,55,27.08.94,
977,Rickie,Sixsmith,rsixsmithr4@nature.com,Male,160,44,06.04.94,
978,Sim,McIsaac,smcisaacr5@ucsd.edu,Male,151,80,24.05.48,
979,Maury,Dominicacci,mdominicaccir6@twitter.com,Male,176,107,31.05.94,
980,Wake,Favill,wfavillr7@hp.com,Male,199,101,23.04.67,
981,Hephzibah,Corrett,hcorrettr8@acquirethisname.com,Female,150,116,23.04.98,
982,Loreen,MacDonough,lmacdonoughr9@amazonaws.com,Female,176,67,28.08.82,
983,Suzi,McElhinney,smcelhinneyra@disqus.com,Female,173,59,06.10.88,
984,Flynn,Cottesford,fcottesfordrb@sohu.com,Male,190,100,11.10.85,
985,Art,Gillio,agilliorc@example.com,Male,183,43,06.10.31,
986,Avigdor,Smoote,asmooterd@domainmarket.com,Male,179,45,01.05.82,
987,North,Dudmesh,ndudmeshre@ca.gov,Male,179,120,01.11.32,
988,Dreddy,Tandy,dtandyrf@hostgator.com,Female,179,106,25.11.36,
989,Abeu,Dinsey,adinseyrg@feedburner.com,Male,188,82,08.07.49,
990,Binnie,Freear,bfreearrh@so-net.ne.jp,Female,195,69,14.07.40,
991,Gunner,Mander,gmanderri@earthlink.net,Male,150,109,16.04.38,
992,Erminie,Assender,eassenderrj@tinyurl.com,Female,161,78,22.06.88,
993,Krissie,Lunt,kluntrk@usatoday.com,Female,172,44,29.10.25,
994,Dorine,MacCulloch,dmaccullochrl@slashdot.org,Female,191,55,29.03.92,
995,Becka,Jerram,bjerramrm@apple.com,Female,181,88,14.03.24,
996,Joellyn,Broxholme,jbroxholmern@buzzfeed.com,Female,169,75,11.11.60,
997,Wallas,Swash,wswashro@dmoz.org,Male,200,120,13.05.36,
998,Alanah,Thurling,athurlingrp@usda.gov,Female,158,103,16.04.58,
999,Tommi,Eady,teadyrq@fda.gov,Female,159,117,02.03.71,
1000,Darryl,Folder,dfolderrr@odnoklassniki.ru,Male,168,55,28.02.65,